<?xml version="1.0" encoding="UTF-8"?>
<!DOCTYPE application PUBLIC "-//Sun Microsystems, Inc.//DTD J2EE Application 1.2//EN" "http://java.sun.com/j2ee/dtds/application_1_2.dtd">
   <application id="Application_ID">
      <display-name>PiggyBank Application</display-name>
      <description>This is an enterprise archive containing the PiggyBank application, used to demonstrate how to develop J2EE applications for WebSphere</description>
      <module id="WebModule_1">
         <web>
            <web-uri>piggybank-webapp.war</web-uri>
            <context-root>/</context-root>
         </web>
      </module>
      <module id="EjbModule_1">
         <ejb>piggybank-ejb.jar</ejb>
      </module>
      <module id="JavaClientModule_1">
         <java>piggybank-client.jar</java>
      </module>
      <module id="JavaClientModule_2">
         <java>piggybank-test.jar</java>
      </module>
      <security-role id="SecurityRole_1">
         <description>Deny all access role</description>
         <role-name>DenyAllRole</role-name>
      </security-role>
   </application>
