<?xml version="1.0" encoding="UTF-8"?>
    <InquireResults:InquirePartsResult 
       xmlns:InquireResults="http://www.redbooks.ibm.com/ITSOWSAD/schemas/InquireResults"
       xmlns:xsi="http://www.w3.org/2001/XMLSchema-Instance" 
       xsi:schemaLocation="http://www.redbooks.ibm.com/ITSOWSAD/schemas/InquireResults InquireParts.xsd">
        <InquireResults:Part>
            <InquireResults:ItemNumber>31000006</InquireResults:ItemNumber>
            <InquireResults:Quantity>13</InquireResults:Quantity>
            <InquireResults:Cost>123.45</InquireResults:Cost>
            <InquireResults:Shelf>E5</InquireResults:Shelf>
            <InquireResults:Location>MM - Frankfurt</InquireResults:Location>
            <InquireResults:PartNumber>B222222222</InquireResults:PartNumber>
            <InquireResults:Name>BRAKE-CYLINDER</InquireResults:Name>
            <InquireResults:Description>Brake master cylinder</InquireResults:Description>
            <InquireResults:Weight>2.20000000000000e+000</InquireResults:Weight>
            <InquireResults:Image_Url>brakecylinder.gif</InquireResults:Image_Url>
        </InquireResults:Part>
        <InquireResults:Part>
            <InquireResults:ItemNumber>910</InquireResults:ItemNumber>
            <InquireResults:Quantity>1</InquireResults:Quantity>
            <InquireResults:Cost>30.00</InquireResults:Cost>
            <InquireResults:Shelf>M6</InquireResults:Shelf>
            <InquireResults:Location>MM - California</InquireResults:Location>
            <InquireResults:PartNumber>L1</InquireResults:PartNumber>
            <InquireResults:Name>License</InquireResults:Name>
            <InquireResults:Description>Personalized license plate</InquireResults:Description>
            <InquireResults:Weight>3.00000000000000e-001</InquireResults:Weight>
            <InquireResults:Image_Url>license.gif</InquireResults:Image_Url>
        </InquireResults:Part>
        <InquireResults:Part>
            <InquireResults:ItemNumber>21000008</InquireResults:ItemNumber>
            <InquireResults:Quantity>7</InquireResults:Quantity>
            <InquireResults:Cost>22.22</InquireResults:Cost>
            <InquireResults:Shelf></InquireResults:Shelf>
            <InquireResults:Location></InquireResults:Location>
            <InquireResults:PartNumber>M100000002</InquireResults:PartNumber>
            <InquireResults:Name>CR-MIRROR-R-01</InquireResults:Name>
            <InquireResults:Description>Large passenger side mirror for Cruiser</InquireResults:Description>
            <InquireResults:Weight>1.08000000000000e+001</InquireResults:Weight>
            <InquireResults:Image_Url>mirror02.gif</InquireResults:Image_Url>
        </InquireResults:Part>
        <InquireResults:Part>
            <InquireResults:ItemNumber>21000003</InquireResults:ItemNumber>
            <InquireResults:Quantity>13</InquireResults:Quantity>
            <InquireResults:Cost>34.78</InquireResults:Cost>
            <InquireResults:Shelf>L8</InquireResults:Shelf>
            <InquireResults:Location>MM - San Francisco</InquireResults:Location>
            <InquireResults:PartNumber>M100000003</InquireResults:PartNumber>
            <InquireResults:Name>CR-MIRROR-R-01</InquireResults:Name>
            <InquireResults:Description>Large rear view mirror for Cruiser</InquireResults:Description>
            <InquireResults:Weight>4.60000000000000e+000</InquireResults:Weight>
            <InquireResults:Image_Url>mirror03.gif</InquireResults:Image_Url>
        </InquireResults:Part>
        <InquireResults:Part>
            <InquireResults:ItemNumber>21000004</InquireResults:ItemNumber>
            <InquireResults:Quantity>12</InquireResults:Quantity>
            <InquireResults:Cost>57.99</InquireResults:Cost>
            <InquireResults:Shelf>B7</InquireResults:Shelf>
            <InquireResults:Location>MM - New York</InquireResults:Location>
            <InquireResults:PartNumber>M100000003</InquireResults:PartNumber>
            <InquireResults:Name>CR-MIRROR-R-01</InquireResults:Name>
            <InquireResults:Description>Large rear view mirror for Cruiser</InquireResults:Description>
            <InquireResults:Weight>4.60000000000000e+000</InquireResults:Weight>
            <InquireResults:Image_Url>mirror03.gif</InquireResults:Image_Url>
        </InquireResults:Part>
        <InquireResults:Part>
            <InquireResults:ItemNumber>900</InquireResults:ItemNumber>
            <InquireResults:Quantity>1</InquireResults:Quantity>
            <InquireResults:Cost>99.00</InquireResults:Cost>
            <InquireResults:Shelf>M0</InquireResults:Shelf>
            <InquireResults:Location>MM - San Jose</InquireResults:Location>
            <InquireResults:PartNumber>T0</InquireResults:PartNumber>
            <InquireResults:Name>Team</InquireResults:Name>
            <InquireResults:Description>International WSAD Groupies</InquireResults:Description>
            <InquireResults:Weight>1.00000000000000e+002</InquireResults:Weight>
            <InquireResults:Image_Url>wsadteam0.gif</InquireResults:Image_Url>
        </InquireResults:Part>
        <InquireResults:Part>
            <InquireResults:ItemNumber>901</InquireResults:ItemNumber>
            <InquireResults:Quantity>1</InquireResults:Quantity>
            <InquireResults:Cost>11.00</InquireResults:Cost>
            <InquireResults:Shelf>M1</InquireResults:Shelf>
            <InquireResults:Location>MM - Heidelberg</InquireResults:Location>
            <InquireResults:PartNumber>T1</InquireResults:PartNumber>
            <InquireResults:Name>Olaf</InquireResults:Name>
            <InquireResults:Description>German Turbo Engine</InquireResults:Description>
            <InquireResults:Weight>1.00110000000000e+002</InquireResults:Weight>
            <InquireResults:Image_Url>wsadteam1.gif</InquireResults:Image_Url>
        </InquireResults:Part>
        <InquireResults:Part>
            <InquireResults:ItemNumber>902</InquireResults:ItemNumber>
            <InquireResults:Quantity>1</InquireResults:Quantity>
            <InquireResults:Cost>22.00</InquireResults:Cost>
            <InquireResults:Shelf>M2</InquireResults:Shelf>
            <InquireResults:Location>MM - Brussels</InquireResults:Location>
            <InquireResults:PartNumber>T2</InquireResults:PartNumber>
            <InquireResults:Name>Wouter</InquireResults:Name>
            <InquireResults:Description>Belgium Chocolate Steering Wheel</InquireResults:Description>
            <InquireResults:Weight>1.00220000000000e+002</InquireResults:Weight>
            <InquireResults:Image_Url>wsadteam2.gif</InquireResults:Image_Url>
        </InquireResults:Part>
        <InquireResults:Part>
            <InquireResults:ItemNumber>903</InquireResults:ItemNumber>
            <InquireResults:Quantity>1</InquireResults:Quantity>
            <InquireResults:Cost>33.00</InquireResults:Cost>
            <InquireResults:Shelf>M3</InquireResults:Shelf>
            <InquireResults:Location>MM - Raleigh</InquireResults:Location>
            <InquireResults:PartNumber>T3</InquireResults:PartNumber>
            <InquireResults:Name>Denise</InquireResults:Name>
            <InquireResults:Description>US Spark Plug</InquireResults:Description>
            <InquireResults:Weight>1.00330000000000e+002</InquireResults:Weight>
            <InquireResults:Image_Url>wsadteam3.gif</InquireResults:Image_Url>
        </InquireResults:Part>
        <InquireResults:Part>
            <InquireResults:ItemNumber>904</InquireResults:ItemNumber>
            <InquireResults:Quantity>1</InquireResults:Quantity>
            <InquireResults:Cost>44.00</InquireResults:Cost>
            <InquireResults:Shelf>M4</InquireResults:Shelf>
            <InquireResults:Location>MM - London</InquireResults:Location>
            <InquireResults:PartNumber>T4</InquireResults:PartNumber>
            <InquireResults:Name>Mark</InquireResults:Name>
            <InquireResults:Description>British Muffler</InquireResults:Description>
            <InquireResults:Weight>1.00440000000000e+002</InquireResults:Weight>
            <InquireResults:Image_Url>wsadteam4.gif</InquireResults:Image_Url>
        </InquireResults:Part>
        <InquireResults:Part>
            <InquireResults:ItemNumber>905</InquireResults:ItemNumber>
            <InquireResults:Quantity>1</InquireResults:Quantity>
            <InquireResults:Cost>55.00</InquireResults:Cost>
            <InquireResults:Shelf>M5</InquireResults:Shelf>
            <InquireResults:Location>MM - Zurich</InquireResults:Location>
            <InquireResults:PartNumber>T5</InquireResults:PartNumber>
            <InquireResults:Name>Ueli</InquireResults:Name>
            <InquireResults:Description>Swiss Cheese Cylinder</InquireResults:Description>
            <InquireResults:Weight>1.00550000000000e+002</InquireResults:Weight>
            <InquireResults:Image_Url>wsadteam5.gif</InquireResults:Image_Url>
        </InquireResults:Part>
        <InquireResults:Part>
            <InquireResults:ItemNumber>31000005</InquireResults:ItemNumber>
            <InquireResults:Quantity>2</InquireResults:Quantity>
            <InquireResults:Cost>12.34</InquireResults:Cost>
            <InquireResults:Shelf>H8</InquireResults:Shelf>
            <InquireResults:Location>MM - Los Angeles</InquireResults:Location>
            <InquireResults:PartNumber>W111111111</InquireResults:PartNumber>
            <InquireResults:Name>WIPER-BLADE</InquireResults:Name>
            <InquireResults:Description>Wiper blade for any car</InquireResults:Description>
            <InquireResults:Weight>9.00000000000000e-001</InquireResults:Weight>
            <InquireResults:Image_Url>wiper.gif</InquireResults:Image_Url>
        </InquireResults:Part>
        <InquireResults:Part>
            <InquireResults:ItemNumber>31000007</InquireResults:ItemNumber>
            <InquireResults:Quantity>7</InquireResults:Quantity>
            <InquireResults:Cost>12.34</InquireResults:Cost>
            <InquireResults:Shelf>2D</InquireResults:Shelf>
            <InquireResults:Location>MM - Santa Cruz</InquireResults:Location>
            <InquireResults:PartNumber>X333333333</InquireResults:PartNumber>
            <InquireResults:Name>TIMING-BELT</InquireResults:Name>
            <InquireResults:Description>Timing belt</InquireResults:Description>
            <InquireResults:Weight>6.00000000000000e-001</InquireResults:Weight>
            <InquireResults:Image_Url>timingbelt.gif</InquireResults:Image_Url>
        </InquireResults:Part>
    </InquireResults:InquirePartsResult>
