<?xml version="1.0" encoding="UTF-8"?>
<!DOCTYPE application-client PUBLIC "-//Sun Microsystems, Inc.//DTD J2EE Application Client 1.3//EN" "http://java.sun.com/dtd/application-client_1_3.dtd">
<application-client id="Application-client_ID">
	<display-name>ItsoBank5Client</display-name>
	<resource-ref id="ResourceRef_1038881203163">
		<description></description>
		<res-ref-name>jms/ItsoMdbConnectionFactoryRef</res-ref-name>
		<res-type>javax.jms.QueueConnectionFactory</res-type>
		<res-auth>Container</res-auth>
		<res-sharing-scope>Shareable</res-sharing-scope>
	</resource-ref>
	<resource-env-ref id="ResourceEnvRef_1038874569895">
		<description></description>
		<resource-env-ref-name>jms/ItsoMdbQueueRef</resource-env-ref-name>
		<resource-env-ref-type>javax.jms.Queue</resource-env-ref-type>
	</resource-env-ref>
	<resource-env-ref id="ResourceEnvRef_1038877234877">
		<description></description>
		<resource-env-ref-name>jms/ItsoResponseQueueRef</resource-env-ref-name>
		<resource-env-ref-type>javax.jms.Queue</resource-env-ref-type>
	</resource-env-ref>
</application-client>
