<?xml version="1.0" encoding="UTF-8"?>
<!DOCTYPE ejb-jar PUBLIC "-//Sun Microsystems, Inc.//DTD Enterprise JavaBeans 2.0//EN" "http://java.sun.com/dtd/ejb-jar_2_0.dtd">
<ejb-jar id="ejb-jar_ID">
	<display-name>ItsoBank5SessionEJB</display-name>
	<enterprise-beans>
		<session id="Banking">
			<ejb-name>Banking</ejb-name>
			<home>itso.bank5.session.BankingHome</home>
			<remote>itso.bank5.session.Banking</remote>
			<ejb-class>itso.bank5.session.BankingBean</ejb-class>
			<session-type>Stateless</session-type>
			<transaction-type>Container</transaction-type>
			<ejb-local-ref id="EJBLocalRef_1035497442092">
				<description></description>
				<ejb-ref-name>ejb/Account</ejb-ref-name>
				<ejb-ref-type>Entity</ejb-ref-type>
				<local-home>itso.bank5.cmp.AccountLocalHome</local-home>
				<local>itso.bank5.cmp.AccountLocal</local>
				<ejb-link>ItsoBank5CmpEJB.jar#Account</ejb-link>
			</ejb-local-ref>
			<ejb-local-ref id="EJBLocalRef_1035497442102">
				<description></description>
				<ejb-ref-name>ejb/TransRecord</ejb-ref-name>
				<ejb-ref-type>Entity</ejb-ref-type>
				<local-home>itso.bank5.cmp.TransRecordLocalHome</local-home>
				<local>itso.bank5.cmp.TransRecordLocal</local>
				<ejb-link>ItsoBank5CmpEJB.jar#TransRecord</ejb-link>
			</ejb-local-ref>
			<ejb-local-ref id="EJBLocalRef_1035733898249">
				<description></description>
				<ejb-ref-name>ejb/Customer</ejb-ref-name>
				<ejb-ref-type>Entity</ejb-ref-type>
				<local-home>itso.bank5.cmp.CustomerLocalHome</local-home>
				<local>itso.bank5.cmp.CustomerLocal</local>
				<ejb-link>ItsoBank5CmpEJB.jar#Customer</ejb-link>
			</ejb-local-ref>
		</session>
		<session id="Reports">
			<ejb-name>Reports</ejb-name>
			<home>itso.bank5.session.ReportsHome</home>
			<remote>itso.bank5.session.Reports</remote>
			<ejb-class>itso.bank5.session.ReportsBean</ejb-class>
			<session-type>Stateful</session-type>
			<transaction-type>Container</transaction-type>
			<ejb-ref id="EjbRef_1035992922961">
				<description></description>
				<ejb-ref-name>ejb/CustomerRemote</ejb-ref-name>
				<ejb-ref-type>Entity</ejb-ref-type>
				<home>itso.bank5.cmp.CustomerHome</home>
				<remote>itso.bank5.cmp.Customer</remote>
				<ejb-link>ItsoBank5CmpEJB.jar#Customer</ejb-link>
			</ejb-ref>
			<ejb-local-ref id="EJBLocalRef_1035992922981">
				<description></description>
				<ejb-ref-name>ejb/Account</ejb-ref-name>
				<ejb-ref-type>Entity</ejb-ref-type>
				<local-home>itso.bank5.cmp.AccountLocalHome</local-home>
				<local>itso.bank5.cmp.AccountLocal</local>
				<ejb-link>ItsoBank5CmpEJB.jar#Account</ejb-link>
			</ejb-local-ref>
			<ejb-local-ref id="EJBLocalRef_1035992922991">
				<description></description>
				<ejb-ref-name>ejb/Customer</ejb-ref-name>
				<ejb-ref-type>Entity</ejb-ref-type>
				<local-home>itso.bank5.cmp.CustomerLocalHome</local-home>
				<local>itso.bank5.cmp.CustomerLocal</local>
				<ejb-link>ItsoBank5CmpEJB.jar#Customer</ejb-link>
			</ejb-local-ref>
		</session>
	</enterprise-beans>
	<assembly-descriptor>
		<container-transaction>
			<method>
				<ejb-name>Banking</ejb-name>
				<method-intf>Remote</method-intf>
				<method-name>deposit</method-name>
				<method-params>
					<method-param>java.lang.String</method-param>
					<method-param>java.math.BigDecimal</method-param>
				</method-params>
			</method>
			<method>
				<ejb-name>Banking</ejb-name>
				<method-intf>Remote</method-intf>
				<method-name>getBalance</method-name>
				<method-params>
					<method-param>java.lang.String</method-param>
				</method-params>
			</method>
			<method>
				<ejb-name>Banking</ejb-name>
				<method-intf>Remote</method-intf>
				<method-name>getCustomers</method-name>
				<method-params>
					<method-param>java.lang.String</method-param>
				</method-params>
			</method>
			<method>
				<ejb-name>Banking</ejb-name>
				<method-intf>Remote</method-intf>
				<method-name>getTransrecords</method-name>
				<method-params>
					<method-param>java.lang.String</method-param>
				</method-params>
			</method>
			<method>
				<ejb-name>Banking</ejb-name>
				<method-intf>Remote</method-intf>
				<method-name>listAccountsOfCustomer</method-name>
				<method-params>
					<method-param>int</method-param>
				</method-params>
			</method>
			<method>
				<ejb-name>Banking</ejb-name>
				<method-intf>Remote</method-intf>
				<method-name>transfer</method-name>
				<method-params>
					<method-param>java.lang.String</method-param>
					<method-param>java.lang.String</method-param>
					<method-param>java.math.BigDecimal</method-param>
				</method-params>
			</method>
			<method>
				<ejb-name>Banking</ejb-name>
				<method-intf>Remote</method-intf>
				<method-name>withdraw</method-name>
				<method-params>
					<method-param>java.lang.String</method-param>
					<method-param>java.math.BigDecimal</method-param>
				</method-params>
			</method>
			<trans-attribute>Required</trans-attribute>
		</container-transaction>
	</assembly-descriptor>
</ejb-jar>
