<?xml version="1.0"?>
<ws:Part Partnumber="TL4" xmlns:ws="http://www.ibm.com" xmlns:xsi="http://www.w3.org/2001/XMLSchema-instance" xsi:schemaLocation="http://www.ibm.com   PartDef.xsd">
  <ws:Name>Tailstoplight</ws:Name>
  <ws:Description>Stop light - red</ws:Description>
  <ws:Weight>11.5</ws:Weight>
  <ws:URL>image.gif</ws:URL>
  <ws:Inventory Item="TL401">
    <ws:Quantity>6</ws:Quantity>    <ws:Cost>40.00</ws:Cost>
    <ws:Shelf>S1</ws:Shelf>
    <ws:Location>Almaden</ws:Location>
  </ws:Inventory>
</ws:Part>
