<?xml version="1.0" encoding="UTF-8"?>
    <Part>
        <ID>H3</ID>
        <Name>Headlight</Name>
        <Description>Description</Description>
        <Weight>5.5</Weight>
        <URL>URL</URL>
        <Inventory Item="H301">
            <Quantity>4</Quantity>
            <Cost>34.56</Cost>
            <Where>S2 in Location</Where>
        </Inventory>
        <Inventory Item="H302">
            <Quantity>5</Quantity>
            <Cost>67.89</Cost>
            <Where> in </Where>
        </Inventory>
    </Part>
