<?xml version="1.0" encoding="UTF-8"?>
<InquirePartsResult xmlns="http://www.redbooks.ibm.com/ITSOWSAD/InquireResults">
     <Part>
        <ItemNumber>21000003</ItemNumber>
        <Quantity>10</Quantity>
        <Cost>59.99</Cost>
        <Shelf>L8</Shelf>
        <Location>San Francisco</Location>
        <PartNumber>M100000003</PartNumber>
        <Name>CR-MIRROR-R-01</Name>
        <Description>Large rear view mirror for Cruiser</Description>
        <Weight>4.60000000000000e+000</Weight>
        <Image_URL>mirror03.gif</Image_URL>
    </Part>
    <Part>
        <ItemNumber>21000004</ItemNumber>
        <Quantity>10</Quantity>
        <Cost>59.99</Cost>
        <Shelf>B7</Shelf>
        <Location>New York</Location>
        <PartNumber>M100000003</PartNumber>
        <Name>CR-MIRROR-R-01</Name>
        <Description>Large rear view mirror for Cruiser</Description>
        <Weight>4.60000000000000e+000</Weight>
        <Image_URL>mirror03.gif</Image_URL>
    </Part>
</InquirePartsResult> 
