<?xml version="1.0"?>
<!DOCTYPE websphere-sa-config SYSTEM "$server_root$$dsep$bin$dsep$xmlconfig.dtd" >

<websphere-sa-config>
   <node name="CHUSA" action="locate">
    <application-server name="ITSO_EJB35" action="locate">
      <container name="ITSO_EJB35Bank" action="update">
        <user-id></user-id>
        <password></password>
        <cache-config>
          <size>2047</size>
          <soft-limit>2000</soft-limit>
          <hard-limit>2047</hard-limit>
          <sweep-interval>1000</sweep-interval>
          <passivation-directory></passivation-directory>
        </cache-config>
        <data-source name="EJBBANK"/>
        <ejb name="RemoteSRP" action="update">
          <jar-file>D:\WebSphere\AppServer\lib\ibmwebas.jar</jar-file>
          <home-name>RemoteSRPHome</home-name>
          <user-id></user-id>
          <password></password>
          <create-db-table>true</create-db-table>
          <find-for-update>false</find-for-update>
          <minimum-pool-size>2</minimum-pool-size>
          <maximum-pool-size>100</maximum-pool-size>
          <primary-key-check>false</primary-key-check>
          <db-exclusive-access>false</db-exclusive-access>
        </ejb>
        <ejb name="Customer" action="update">
          <jar-file>D:\WebSphere\AppServer\deployedEJBs\itso_bank.jar</jar-file>
          <home-name>itso/ejb35/bank/Customer</home-name>
          <user-id></user-id>
          <password></password>
          <create-db-table>false</create-db-table>
          <find-for-update>false</find-for-update>
          <minimum-pool-size>2</minimum-pool-size>
          <maximum-pool-size>100</maximum-pool-size>
          <primary-key-check>false</primary-key-check>
          <db-exclusive-access>false</db-exclusive-access>
        </ejb>
         <ejb name="BankAccount" action="update">
          <jar-file>D:\WebSphere\AppServer\deployedEJBs\itso_bank.jar</jar-file>
          <home-name>itso/ejb35/bank/BankAccount</home-name>
          <user-id></user-id>
          <password></password>
          <create-db-table>false</create-db-table>
          <find-for-update>false</find-for-update>
          <minimum-pool-size>2</minimum-pool-size>
          <maximum-pool-size>100</maximum-pool-size>
          <primary-key-check>false</primary-key-check>
          <db-exclusive-access>false</db-exclusive-access>
        </ejb>
        <ejb name="Checking" action="update">
          <jar-file>D:\WebSphere\AppServer\deployedEJBs\itso_bank.jar</jar-file>
          <home-name>itso/ejb35/bank/Checking</home-name>
          <user-id></user-id>
          <password></password>
          <create-db-table>false</create-db-table>
          <find-for-update>false</find-for-update>
          <minimum-pool-size>2</minimum-pool-size>
          <maximum-pool-size>100</maximum-pool-size>
          <primary-key-check>false</primary-key-check>
          <db-exclusive-access>false</db-exclusive-access>
        </ejb>
        <ejb name="Savings" action="update">
          <jar-file>D:\WebSphere\AppServer\deployedEJBs\itso_bank.jar</jar-file>
          <home-name>itso/ejb35/bank/Savings</home-name>
          <user-id></user-id>
          <password></password>
          <create-db-table>false</create-db-table>
          <find-for-update>false</find-for-update>
          <minimum-pool-size>2</minimum-pool-size>
          <maximum-pool-size>100</maximum-pool-size>
          <primary-key-check>false</primary-key-check>
          <db-exclusive-access>false</db-exclusive-access>
        </ejb>
        <ejb name="CustAcct" action="update">
          <jar-file>D:\WebSphere\AppServer\deployedEJBs\itso_bank.jar</jar-file>
          <home-name>itso/ejb35/bank/CustAcct</home-name>
          <user-id></user-id>
          <password></password>
          <create-db-table>false</create-db-table>
          <find-for-update>false</find-for-update>
          <minimum-pool-size>2</minimum-pool-size>
          <maximum-pool-size>100</maximum-pool-size>
          <primary-key-check>false</primary-key-check>
          <db-exclusive-access>false</db-exclusive-access>
        </ejb>
        <ejb name="TransRecord" action="update">
          <jar-file>D:\WebSphere\AppServer\deployedEJBs\itso_bank.jar</jar-file>
          <home-name>itso/ejb35/bank/TransRecord</home-name>
          <user-id></user-id>
          <password></password>
          <create-db-table>false</create-db-table>
          <find-for-update>false</find-for-update>
          <minimum-pool-size>2</minimum-pool-size>
          <maximum-pool-size>100</maximum-pool-size>
          <primary-key-check>false</primary-key-check>
          <db-exclusive-access>false</db-exclusive-access>
        </ejb>
        <ejb name="Banking" action="update">
          <jar-file>D:\WebSphere\AppServer\deployedEJBs\itso_bank.jar</jar-file>
          <home-name>itso/ejb35/bank/Banking</home-name>
          <user-id></user-id>
          <password></password>
          <create-db-table>true</create-db-table>
          <find-for-update>false</find-for-update>
          <minimum-pool-size>2</minimum-pool-size>
          <maximum-pool-size>100</maximum-pool-size>
          <primary-key-check>false</primary-key-check>
          <db-exclusive-access>false</db-exclusive-access>
        </ejb>
      </container>
    </application-server>
  </node>
</websphere-sa-config>
