<?xml version="1.0"?>
<!DOCTYPE websphere-sa-config SYSTEM "$server_root$$dsep$bin$dsep$xmlconfig.dtd" >

<websphere-sa-config>
   <node name="CHUSA" action="update">
    <deployed-jar-directory>D:\WebSphere\AppServer\deployedEJBs</deployed-jar-directory>
    <dependent-classpath></dependent-classpath>
    <application-server name="ITSO_EJB35" action="update">
      <executable>java</executable>
      <command-line-arguments/>
      <environment/>
      <user-id></user-id>
      <group-id></group-id>
      <working-directory></working-directory>
      <umask>18</umask>
      <stdin></stdin>
      <stdout>stdout.txt</stdout>
      <stderr>stderr.txt</stderr>
      <process-priority>20</process-priority>
      <maximum-startup-attempts>2</maximum-startup-attempts>
      <ping-interval>60</ping-interval>
      <ping-timeout>200</ping-timeout>
      <ping-initial-timeout>300</ping-initial-timeout>
      <selection-policy>roundrobinpreferlocal</selection-policy>
      <trace-specification></trace-specification>
      <trace-output></trace-output>
      <transaction-log-file></transaction-log-file>
      <olt-enabled>false</olt-enabled>
      <system-properties/>
      <debug-enabled>false</debug-enabled>
      <transaction-timeout>120</transaction-timeout>
      <transaction-inactivity-timeout>60000</transaction-inactivity-timeout>
      <thread-pool-size>20</thread-pool-size>
      <security-enabled>false</security-enabled>
      <container name="ITSO_EJB35Container" action="update">
        <user-id></user-id>
        <password></password>
        <cache-config>
          <size>2047</size>
          <soft-limit>2000</soft-limit>
          <hard-limit>2047</hard-limit>
          <sweep-interval>1000</sweep-interval>
          <passivation-directory></passivation-directory>
        </cache-config>
        <data-source name="EJBBANK"/>
        <ejb name="RemoteSRP" action="update">
          <jar-file>D:\WebSphere\AppServer\lib\ibmwebas.jar</jar-file>
          <home-name>RemoteSRPHome</home-name>
          <user-id></user-id>
          <password></password>
          <create-db-table>true</create-db-table>
          <find-for-update>false</find-for-update>
          <minimum-pool-size>2</minimum-pool-size>
          <maximum-pool-size>100</maximum-pool-size>
          <primary-key-check>false</primary-key-check>
          <db-exclusive-access>false</db-exclusive-access>
        </ejb>
        <ejb name="TransRecord" action="update">
          <jar-file>D:\WebSphere\AppServer\deployedEJBs\itso_cmp.jar</jar-file>
          <home-name>itso/ejb35/cmp/TransRecord</home-name>
          <user-id></user-id>
          <password></password>
          <create-db-table>false</create-db-table>
          <find-for-update>false</find-for-update>
          <minimum-pool-size>2</minimum-pool-size>
          <maximum-pool-size>100</maximum-pool-size>
          <primary-key-check>false</primary-key-check>
          <db-exclusive-access>false</db-exclusive-access>
        </ejb>
        <ejb name="BankAccount" action="update">
          <jar-file>D:\WebSphere\AppServer\deployedEJBs\itso_cmp.jar</jar-file>
          <home-name>itso/ejb35/cmp/BankAccount</home-name>
          <user-id></user-id>
          <password></password>
          <create-db-table>false</create-db-table>
          <find-for-update>false</find-for-update>
          <minimum-pool-size>2</minimum-pool-size>
          <maximum-pool-size>100</maximum-pool-size>
          <primary-key-check>false</primary-key-check>
          <db-exclusive-access>false</db-exclusive-access>
        </ejb>
        <ejb name="Customer" action="update">
          <jar-file>D:\WebSphere\AppServer\deployedEJBs\itso_cmp.jar</jar-file>
          <home-name>itso/ejb35/cmp/Customer</home-name>
          <user-id></user-id>
          <password></password>
          <create-db-table>false</create-db-table>
          <find-for-update>false</find-for-update>
          <minimum-pool-size>2</minimum-pool-size>
          <maximum-pool-size>100</maximum-pool-size>
          <primary-key-check>false</primary-key-check>
          <db-exclusive-access>false</db-exclusive-access>
        </ejb>
        <ejb name="TransactionRecord" action="update">
          <jar-file>D:\WebSphere\AppServer\deployedEJBs\Deployeditso_bmp_n.jar</jar-file>
          <home-name>itso/ejb35/bmp/TransactionRecord</home-name>
          <user-id></user-id>
          <password></password>
          <create-db-table>true</create-db-table>
          <find-for-update>false</find-for-update>
          <minimum-pool-size>2</minimum-pool-size>
          <maximum-pool-size>100</maximum-pool-size>
          <primary-key-check>false</primary-key-check>
          <db-exclusive-access>false</db-exclusive-access>
        </ejb>
        <ejb name="CustomerFinderHome" action="update">
          <jar-file>D:\WebSphere\AppServer\deployedEJBs\itso_session.jar</jar-file>
          <home-name>itso/ejb35/session/CustomerFinder</home-name>
          <user-id></user-id>
          <password></password>
          <create-db-table>true</create-db-table>
          <find-for-update>false</find-for-update>
          <minimum-pool-size>2</minimum-pool-size>
          <maximum-pool-size>100</maximum-pool-size>
          <primary-key-check>false</primary-key-check>
          <db-exclusive-access>false</db-exclusive-access>
        </ejb>
        <ejb name="CustomerManagerHome" action="update">
          <jar-file>D:\WebSphere\AppServer\deployedEJBs\itso_session.jar</jar-file>
          <home-name>itso/ejb35/session/CustomerManager</home-name>
          <user-id></user-id>
          <password></password>
          <create-db-table>true</create-db-table>
          <find-for-update>false</find-for-update>
          <minimum-pool-size>2</minimum-pool-size>
          <maximum-pool-size>100</maximum-pool-size>
          <primary-key-check>false</primary-key-check>
          <db-exclusive-access>false</db-exclusive-access>
        </ejb>
        <ejb name="TransferHome" action="update">
          <jar-file>D:\WebSphere\AppServer\deployedEJBs\itso_session.jar</jar-file>
          <home-name>itso/ejb35/session/Transfer</home-name>
          <user-id></user-id>
          <password></password>
          <create-db-table>true</create-db-table>
          <find-for-update>false</find-for-update>
          <minimum-pool-size>2</minimum-pool-size>
          <maximum-pool-size>100</maximum-pool-size>
          <primary-key-check>false</primary-key-check>
          <db-exclusive-access>false</db-exclusive-access>
        </ejb>
      </container>
      <servlet-engine name="ITSO_EJB35ServletEngine" action="update">
        <maximum-connections>25</maximum-connections>
        <transport-port>8994</transport-port>
        <servlet-mode>1</servlet-mode>
        <transport-type name="ose">
          <ose-transport>
            <link-type>local</link-type>
            <log-file-mask trace="false" inform="false" warning="false" error="true"/>
            <queue-name>ibmoselink1</queue-name>
            <clone-index>1</clone-index>
            <native-log-file>D:\WebSphere\AppServer\logs\ITSO_EJB35ServletEngine.1063_native.log</native-log-file>
          </ose-transport>
        </transport-type>
        <web-application name="itsoejb" action="update">
          <description>ITSO EJB Web Application</description>
          <document-root>D:\WebSphere\AppServer\hosts\default_host\itsoejb\web</document-root>
          <classpath>
            <path value="D:/WebSphere/AppServer/hosts/default_host/itsoejb/servlets"/>
          </classpath>
          <error-page></error-page>
          <session-config>
            <session-timeout>0</session-timeout>
          </session-config>
          <welcome-file-list/>
          <filter-list/>
          <group-attributes/>
          <auto-reload>true</auto-reload>
          <reload-interval>9000</reload-interval>
          <enabled>true</enabled>
          <root-uri>default_host/itsoejb</root-uri>
          <shared-context>false</shared-context>
          <shared-context-jndi-name>SrdSrvltCtxHome</shared-context-jndi-name>
          <servlet name="Error Reporting Facility" action="update">
            <description>Auto-Generated - Default error reporter servlet</description>
            <code>com.ibm.servlet.engine.webapp.DefaultErrorReporter</code>
            <init-parameters/>
            <load-at-startup>true</load-at-startup>
            <debug-mode>false</debug-mode>
            <uri-paths>
              <uri value="/ErrorReporter"/>
            </uri-paths>
            <enabled>true</enabled>
          </servlet>
          <servlet name="File Serving Enabler" action="update">
            <description>Auto-Generated - File Serving Servlet</description>
            <code>com.ibm.servlet.engine.webapp.SimpleFileServlet</code>
            <init-parameters/>
            <load-at-startup>true</load-at-startup>
            <debug-mode>false</debug-mode>
            <uri-paths>
              <uri value="/"/>
            </uri-paths>
            <enabled>true</enabled>
          </servlet>
          <servlet name="Auto-Invoker" action="update">
            <description>Auto-Generated - Serves Servlets by Classname</description>
            <code>com.ibm.servlet.engine.webapp.InvokerServlet</code>
            <init-parameters/>
            <load-at-startup>true</load-at-startup>
            <debug-mode>false</debug-mode>
            <uri-paths>
              <uri value="/servlet"/>
            </uri-paths>
            <enabled>true</enabled>
          </servlet>
          <servlet name="JSP 1.0 Processor" action="update">
            <description>Auto-Generated - Generates JSP 1.0 output</description>
            <code>com.sun.jsp.runtime.JspServlet</code>
            <init-parameters>
              <parameter name="workingDir" value="D:\WebSphere\AppServer\hosts\default_host\itsoejb\web"/>
            </init-parameters>
            <load-at-startup>true</load-at-startup>
            <debug-mode>false</debug-mode>
            <uri-paths>
              <uri value="*.jsp"/>
            </uri-paths>
            <enabled>true</enabled>
          </servlet>
          <servlet name="CustomerFind" action="update">
            <description>Retrieve customer EJB</description>
            <code>itso.ejb35.cmp.servlet.CustomerFind</code>
            <init-parameters/>
            <load-at-startup>false</load-at-startup>
            <debug-mode>false</debug-mode>
            <uri-paths>
              <uri value="/customerFind"/>
            </uri-paths>
            <enabled>true</enabled>
          </servlet>
        </web-application>
        <session-manager name="Session Manager" action="update">
          <enable-sessions>true</enable-sessions>
          <enable-url-rewriting>false</enable-url-rewriting>
          <enable-cookies>true</enable-cookies>
          <enable-protocol-switch-rewriting>false</enable-protocol-switch-rewriting>
          <cookie name="sesessionid">
            <comment>servlet session support</comment>
            <domain></domain>
            <maximum>-1</maximum>
            <path>/</path>
            <secure>false</secure>
          </cookie>
          <interval-invalidation-time>1800</interval-invalidation-time>
          <persistent-sessions>false</persistent-sessions>
          <persistence-type>directodb</persistence-type>
          <database location="jdbc:db2:was">
            <driver>COM.ibm.db2.jdbc.app.DB2Driver</driver>
            <user-id></user-id>
            <password></password>
            <number-of-connections>30</number-of-connections>
          </database>
          <enable-stat-collection>true</enable-stat-collection>
          <using-cache>true</using-cache>
          <using-multi-row>false</using-multi-row>
          <using-manual-update>false</using-manual-update>
          <using-native-access>false</using-native-access>
          <base-memory-size>1000</base-memory-size>
          <allow-overflow>true</allow-overflow>
          <data-source name=""/>
        </session-manager>
        <user-profile-manager name="User Profile Manager" action="update">
          <enable-user-profile>false</enable-user-profile>
          <data-wrapper>com.ibm.servlet.personalization.userprofile.UserProfile</data-wrapper>
          <remote-interface-ro>com.ibm.servlet.personalization.userprofile.UP_ReadOnly</remote-interface-ro>
          <remote-interface-rw>com.ibm.servlet.personalization.userprofile.UP_ReadWrite</remote-interface-rw>
          <home-interface-ro>com.ibm.servlet.personalization.userprofile.UP_ReadOnlyHome</home-interface-ro>
          <home-interface-rw>com.ibm.servlet.personalization.userprofile.UP_ReadWriteHome</home-interface-rw>
          <jndi-name-ro>UP_ReadOnlyHome</jndi-name-ro>
          <jndi-name-rw>UP_ReadWriteHome</jndi-name-rw>
        </user-profile-manager>
      </servlet-engine>
    </application-server>
  </node>
 </websphere-sa-config>
