<?xml version="1.0" encoding="UTF-8"?>
<!DOCTYPE ejb-jar PUBLIC "-//Sun Microsystems, Inc.//DTD Enterprise JavaBeans 2.0//EN" "http://java.sun.com/dtd/ejb-jar_2_0.dtd">
<ejb-jar id="ejb-jar_ID">
	<display-name>ItsoBank5xEJB</display-name>
	<enterprise-beans>
		<entity id="ContainerManagedEntity_1040232822168">
			<ejb-name>Customer</ejb-name>
			<local-home>itso.bank5.bottom.CustomerLocalHome</local-home>
			<local>itso.bank5.bottom.CustomerLocal</local>
			<ejb-class>itso.bank5.bottom.CustomerBean</ejb-class>
			<persistence-type>Container</persistence-type>
			<prim-key-class>itso.bank5.bottom.CustomerKey</prim-key-class>
			<reentrant>False</reentrant>
			<cmp-version>2.x</cmp-version>
			<abstract-schema-name>Customer</abstract-schema-name>
			<cmp-field id="CMPAttribute_1040232822078">
				<field-name>customerid</field-name>
			</cmp-field>
			<cmp-field id="CMPAttribute_1040232822088">
				<field-name>title</field-name>
			</cmp-field>
			<cmp-field id="CMPAttribute_1040232822098">
				<field-name>firstname</field-name>
			</cmp-field>
			<cmp-field id="CMPAttribute_1040232822118">
				<field-name>lastname</field-name>
			</cmp-field>
			<cmp-field id="CMPAttribute_1040232822128">
				<field-name>userid</field-name>
			</cmp-field>
			<cmp-field id="CMPAttribute_1040232822138">
				<field-name>password</field-name>
			</cmp-field>
			<cmp-field id="CMPAttribute_1040234222722">
				<field-name>street</field-name>
			</cmp-field>
			<cmp-field id="CMPAttribute_1040234224395">
				<field-name>city</field-name>
			</cmp-field>
			<cmp-field id="CMPAttribute_1040234226107">
				<field-name>state</field-name>
			</cmp-field>
			<cmp-field id="CMPAttribute_1040234227779">
				<field-name>zipcode</field-name>
			</cmp-field>
			<ejb-local-ref id="EJBLocalRef_1040233751254">
				<ejb-ref-name>ejb/Account</ejb-ref-name>
				<ejb-ref-type>Entity</ejb-ref-type>
				<local-home>itso.bank5.bottom.AccountLocalHome</local-home>
				<local>itso.bank5.bottom.AccountLocal</local>
				<ejb-link>Account</ejb-link>
			</ejb-local-ref>
		</entity>
		<entity id="ContainerManagedEntity_1040232822309">
			<ejb-name>Account</ejb-name>
			<local-home>itso.bank5.bottom.AccountLocalHome</local-home>
			<local>itso.bank5.bottom.AccountLocal</local>
			<ejb-class>itso.bank5.bottom.AccountBean</ejb-class>
			<persistence-type>Container</persistence-type>
			<prim-key-class>itso.bank5.bottom.AccountKey</prim-key-class>
			<reentrant>False</reentrant>
			<cmp-version>2.x</cmp-version>
			<abstract-schema-name>Account</abstract-schema-name>
			<cmp-field id="CMPAttribute_1040232822178">
				<field-name>accid</field-name>
			</cmp-field>
			<cmp-field id="CMPAttribute_1040232822188">
				<field-name>balance</field-name>
			</cmp-field>
			<cmp-field id="CMPAttribute_1040232822198">
				<field-name>interest</field-name>
			</cmp-field>
			<cmp-field id="CMPAttribute_1040232822208">
				<field-name>acctype</field-name>
			</cmp-field>
			<ejb-local-ref id="EJBLocalRef_1040232822589">
				<ejb-ref-name>ejb/Transrecord</ejb-ref-name>
				<ejb-ref-type>Entity</ejb-ref-type>
				<local-home>itso.bank5.bottom.TransrecordLocalHome</local-home>
				<local>itso.bank5.bottom.TransrecordLocal</local>
				<ejb-link>Transrecord</ejb-link>
			</ejb-local-ref>
			<ejb-local-ref id="EJBLocalRef_1040233751255">
				<ejb-ref-name>ejb/Customer</ejb-ref-name>
				<ejb-ref-type>Entity</ejb-ref-type>
				<local-home>itso.bank5.bottom.CustomerLocalHome</local-home>
				<local>itso.bank5.bottom.CustomerLocal</local>
				<ejb-link>Customer</ejb-link>
			</ejb-local-ref>
		</entity>
		<entity id="ContainerManagedEntity_1040232822369">
			<ejb-name>Transrecord</ejb-name>
			<local-home>itso.bank5.bottom.TransrecordLocalHome</local-home>
			<local>itso.bank5.bottom.TransrecordLocal</local>
			<ejb-class>itso.bank5.bottom.TransrecordBean</ejb-class>
			<persistence-type>Container</persistence-type>
			<prim-key-class>itso.bank5.bottom.TransrecordKey</prim-key-class>
			<reentrant>False</reentrant>
			<cmp-version>2.x</cmp-version>
			<abstract-schema-name>Transrecord</abstract-schema-name>
			<cmp-field id="CMPAttribute_1040232822319">
				<field-name>transid</field-name>
			</cmp-field>
			<cmp-field id="CMPAttribute_1040232822329">
				<field-name>transtype</field-name>
			</cmp-field>
			<cmp-field id="CMPAttribute_1040232822339">
				<field-name>transamt</field-name>
			</cmp-field>
			<ejb-local-ref id="EJBLocalRef_1040232822629">
				<ejb-ref-name>ejb/Account</ejb-ref-name>
				<ejb-ref-type>Entity</ejb-ref-type>
				<local-home>itso.bank5.bottom.AccountLocalHome</local-home>
				<local>itso.bank5.bottom.AccountLocal</local>
				<ejb-link>Account</ejb-link>
			</ejb-local-ref>
		</entity>
		<entity id="ContainerManagedEntity_1040232822529">
			<ejb-name>Checking</ejb-name>
			<local-home>itso.bank5.bottom.CheckingLocalHome</local-home>
			<local>itso.bank5.bottom.CheckingLocal</local>
			<ejb-class>itso.bank5.bottom.CheckingBean</ejb-class>
			<persistence-type>Container</persistence-type>
			<prim-key-class>itso.bank5.bottom.AccountKey</prim-key-class>
			<reentrant>False</reentrant>
			<cmp-version>2.x</cmp-version>
			<abstract-schema-name>Checking</abstract-schema-name>
			<cmp-field id="CMPAttribute_1040232822509">
				<field-name>overdraft</field-name>
			</cmp-field>
			<cmp-field>
				<field-name>accid</field-name>
			</cmp-field>
			<cmp-field>
				<field-name>balance</field-name>
			</cmp-field>
			<cmp-field>
				<field-name>interest</field-name>
			</cmp-field>
			<cmp-field>
				<field-name>acctype</field-name>
			</cmp-field>
			<ejb-local-ref id="EJBLocalRef_1040233751264">
				<ejb-ref-name>ejb/Transrecord</ejb-ref-name>
				<ejb-ref-type>Entity</ejb-ref-type>
				<local-home>itso.bank5.bottom.TransrecordLocalHome</local-home>
				<local>itso.bank5.bottom.TransrecordLocal</local>
				<ejb-link>Transrecord</ejb-link>
			</ejb-local-ref>
			<ejb-local-ref id="EJBLocalRef_1040233751274">
				<ejb-ref-name>ejb/Customer</ejb-ref-name>
				<ejb-ref-type>Entity</ejb-ref-type>
				<local-home>itso.bank5.bottom.CustomerLocalHome</local-home>
				<local>itso.bank5.bottom.CustomerLocal</local>
				<ejb-link>Customer</ejb-link>
			</ejb-local-ref>
		</entity>
		<entity id="ContainerManagedEntity_1040232822549">
			<ejb-name>Savings</ejb-name>
			<local-home>itso.bank5.bottom.SavingsLocalHome</local-home>
			<local>itso.bank5.bottom.SavingsLocal</local>
			<ejb-class>itso.bank5.bottom.SavingsBean</ejb-class>
			<persistence-type>Container</persistence-type>
			<prim-key-class>itso.bank5.bottom.AccountKey</prim-key-class>
			<reentrant>False</reentrant>
			<cmp-version>2.x</cmp-version>
			<abstract-schema-name>Savings</abstract-schema-name>
			<cmp-field id="CMPAttribute_1040232822539">
				<field-name>minamount</field-name>
			</cmp-field>
			<cmp-field>
				<field-name>accid</field-name>
			</cmp-field>
			<cmp-field>
				<field-name>balance</field-name>
			</cmp-field>
			<cmp-field>
				<field-name>interest</field-name>
			</cmp-field>
			<cmp-field>
				<field-name>acctype</field-name>
			</cmp-field>
			<ejb-local-ref id="EJBLocalRef_1040233751275">
				<ejb-ref-name>ejb/Transrecord</ejb-ref-name>
				<ejb-ref-type>Entity</ejb-ref-type>
				<local-home>itso.bank5.bottom.TransrecordLocalHome</local-home>
				<local>itso.bank5.bottom.TransrecordLocal</local>
				<ejb-link>Transrecord</ejb-link>
			</ejb-local-ref>
			<ejb-local-ref id="EJBLocalRef_1040233751284">
				<ejb-ref-name>ejb/Customer</ejb-ref-name>
				<ejb-ref-type>Entity</ejb-ref-type>
				<local-home>itso.bank5.bottom.CustomerLocalHome</local-home>
				<local>itso.bank5.bottom.CustomerLocal</local>
				<ejb-link>Customer</ejb-link>
			</ejb-local-ref>
		</entity>
	</enterprise-beans>
	<relationships>
		<ejb-relation>
			<description></description>
			<ejb-relation-name>Transrecord_To_Account</ejb-relation-name>
			<ejb-relationship-role id="EJBRelationshipRole_1040232822349">
				<ejb-relationship-role-name>theAccount</ejb-relationship-role-name>
				<multiplicity>Many</multiplicity>
				<relationship-role-source>
					<ejb-name>Transrecord</ejb-name>
				</relationship-role-source>
				<cmr-field>
					<cmr-field-name>theAccount</cmr-field-name>
				</cmr-field>
			</ejb-relationship-role>
			<ejb-relationship-role id="EJBRelationshipRole_1040232822359">
				<ejb-relationship-role-name>transrecords</ejb-relationship-role-name>
				<multiplicity>One</multiplicity>
				<relationship-role-source>
					<ejb-name>Account</ejb-name>
				</relationship-role-source>
				<cmr-field>
					<cmr-field-name>transrecords</cmr-field-name>
					<cmr-field-type>java.util.Collection</cmr-field-type>
				</cmr-field>
			</ejb-relationship-role>
		</ejb-relation>
		<ejb-relation>
			<description></description>
			<ejb-relation-name>Customer-Account</ejb-relation-name>
			<ejb-relationship-role id="EJBRelationshipRole_1040234421328">
				<ejb-relationship-role-name>accounts</ejb-relationship-role-name>
				<multiplicity>Many</multiplicity>
				<relationship-role-source>
					<ejb-name>Customer</ejb-name>
				</relationship-role-source>
				<cmr-field>
					<cmr-field-name>accounts</cmr-field-name>
					<cmr-field-type>java.util.Collection</cmr-field-type>
				</cmr-field>
			</ejb-relationship-role>
			<ejb-relationship-role id="EJBRelationshipRole_1040234495544">
				<ejb-relationship-role-name>customers</ejb-relationship-role-name>
				<multiplicity>Many</multiplicity>
				<relationship-role-source>
					<ejb-name>Account</ejb-name>
				</relationship-role-source>
				<cmr-field>
					<cmr-field-name>customers</cmr-field-name>
					<cmr-field-type>java.util.Collection</cmr-field-type>
				</cmr-field>
			</ejb-relationship-role>
		</ejb-relation>
	</relationships>
</ejb-jar>
