<?xml version="1.0" encoding="ISO-8859-1" ?>

<!DOCTYPE struts-config PUBLIC
          "-//Apache Software Foundation//DTD Struts Configuration 1.0//EN"
          "http://jakarta.apache.org/struts/dtds/struts-config_1_0.dtd">

<struts-config>


  <!-- ========== Form Bean Definitions =================================== -->
  <form-beans>

    <!-- Logon form bean -->
    <form-bean      name="loginForm"
                    type="itso.was4ad.webapp.form.LoginForm"/>

    <form-bean      name="changeLanguageForm"
                    type="itso.was4ad.webapp.form.ChangeLanguageForm"/>

  </form-beans>


  <!-- ========== Global Forward Definitions ============================== -->
  <global-forwards>
    <forward   name="logoff"               path="/logoff.do"/>
    <forward   name="logon"                path="/logon.jsp"/>
    <forward   name="success"              path="/welcome.jsp"/>
  </global-forwards>


  <!-- ========== Action Mapping Definitions ============================== -->
  <action-mappings>

    <!-- Process a user logon -->
    <action    path="/login"
               type="itso.was4ad.webapp.action.LoginAction"
               name="loginForm"
              scope="request"
           validate="true"
              input="/index.jsp">
      <forward name="loginSuccessful"      path="welcome.jsp"/>
      <forward name="loginNotSuccessful"   path="index.jsp"/>
    </action>

    <!-- Change the language -->
    <action    path="/changeLanguage"
               type="itso.was4ad.webapp.action.ChangeLanguageAction"
               name="changeLanguageForm"
              scope="request"
           validate="false">
      <forward name="welcome"              path="welcome.jsp"/>
    </action>

    <!-- Display the customer accounts -->
    <action    path="/displayAccounts"
               type="itso.was4ad.webapp.action.DisplayAccountsAction">
      <forward name="displayAccounts"      path="displayAccountsResult.jsp"/>
    </action>

    <!-- Process a user logout -->
    <action    path="/logout"
               type="itso.was4ad.webapp.action.LogoutAction">
      <forward name="logoutSuccessful"     path="index.jsp"/>
    </action>

  </action-mappings>

</struts-config>
