<?xml version="1.0" encoding="UTF-8"?>
<!DOCTYPE struts-config PUBLIC "-//Apache Software Foundation//DTD Struts Configuration 1.0//EN"
                               "http://jakarta.apache.org/struts/dtds/struts-config_1_0.dtd">
<struts-config>

	<!-- Data Sources -->
	<data-sources>
	</data-sources>

	<!-- Form Beans -->
	<form-beans>
		<form-bean name="accountRequestForm" type="itso.bank5.struts.forms.AccountRequestForm">
		</form-bean>
		<form-bean name="reportRequestForm" type="itso.bank5.struts.forms.ReportRequestForm">
		</form-bean>
	</form-beans>

	<!-- Global Forwards -->
	<global-forwards>
	</global-forwards>

	<!-- Action Mappings -->
	<action-mappings>
		<action name="accountRequestForm" path="/banking" scope="request" type="itso.bank5.struts.actions.BankingAction" input="/index.jsp">
			<forward name="information" path="/accountinfo.jsp">
			</forward>
			<forward name="funds" path="/deposit.jsp">
			</forward>
			<forward name="translist" path="/transactions.jsp">
			</forward>
			<forward name="fail" path="/error.jsp">
			</forward>
		</action>
		<action name="accountRequestForm" path="/transfer" scope="request" type="itso.bank5.struts.actions.TransferAction" input="/transfer.jsp">
			<forward name="fail" path="/error.jsp">
			</forward>
			<forward name="transfer" path="/transferred.jsp">
			</forward>
		</action>
		<action name="reportRequestForm" path="/reports" scope="request" type="itso.bank5.struts.actions.ReportsAction" input="/reporting.jsp">
			<forward name="fail" path="/error.jsp">
			</forward>
			<forward name="reports" path="/reports.jsp">
			</forward>
			<forward name="accounts" path="/accounts.jsp">
			</forward>
			<forward name="customers" path="/customers.jsp">
			</forward>
		</action>
	</action-mappings>

</struts-config>
