<root>
<isd:service xmlns:isd="http://xml.apache.org/xml-soap/deployment" id="uri:Banking" checkMustUnderstands="false">
  <isd:provider type="com.ibm.soap.providers.WASStatelessEJBProvider" scope="Application" methods="removeCustAcct addCustAcct withdraw getTransrecords listAccountsOfCustomer getAccountInfo removeAcctCust addAcctCust deposit getCustomers transfer getBalance">
    <isd:option key="JNDIName" value="ejb/itsobank/Banking" />
    <isd:option key="ContextProviderURL" value="iiop://localhost:2809" />
    <isd:option key="FullHomeInterfaceName" value="itso.bank5.session.BankingHome" />
    <isd:option key="FullContextFactoryName" value="com.ibm.websphere.naming.WsnInitialContextFactory" />
  </isd:provider>
</isd:service>
</root>