<?xml version="1.0" encoding="UTF-8"?>
<!DOCTYPE ejb-jar PUBLIC "-//Sun Microsystems, Inc.//DTD Enterprise JavaBeans 1.1//EN" "http://java.sun.com/j2ee/dtds/ejb-jar_1_1.dtd">
   <ejb-jar id="ejb-jar_ID">
      <description>This EJB jar file contains the EJBs for the PiggyBank application</description>
      <display-name>PiggyBank EJBs</display-name>
      <enterprise-beans>
         <entity id="Customer">
            <ejb-name>Customer</ejb-name>
            <home>itso.was4ad.ejb.customer.CustomerHome</home>
            <remote>itso.was4ad.ejb.customer.Customer</remote>
            <ejb-class>itso.was4ad.ejb.customer.CustomerBean</ejb-class>
            <persistence-type>Container</persistence-type>
            <prim-key-class>itso.was4ad.ejb.customer.CustomerKey</prim-key-class>
            <reentrant>False</reentrant>
            <cmp-field id="Customer_id">
               <field-name>id</field-name>
            </cmp-field>
            <cmp-field id="Customer_name">
               <field-name>name</field-name>
            </cmp-field>
            <ejb-ref id="EjbRef_2">
               <ejb-ref-name>ejb/Account</ejb-ref-name>
               <ejb-ref-type>Entity</ejb-ref-type>
               <home>itso.was4ad.ejb.account.AccountHome</home>
               <remote>itso.was4ad.ejb.account.Account</remote>
               <ejb-link>Account</ejb-link>
            </ejb-ref>
         </entity>
         <session id="CustomerManager">
            <description>This is a description of the CustomerManager EJB</description>
            <ejb-name>CustomerManager</ejb-name>
            <home>itso.was4ad.ejb.customer.CustomerManagerHome</home>
            <remote>itso.was4ad.ejb.customer.CustomerManager</remote>
            <ejb-class>itso.was4ad.ejb.customer.CustomerManagerBean</ejb-class>
            <session-type>Stateless</session-type>
            <transaction-type>Container</transaction-type>
            <ejb-ref id="EjbRef_1">
               <ejb-ref-name>ejb/Customer</ejb-ref-name>
               <ejb-ref-type>Entity</ejb-ref-type>
               <home>itso.was4ad.ejb.customer.CustomerHome</home>
               <remote>itso.was4ad.ejb.customer.Customer</remote>
               <ejb-link>Customer</ejb-link>
            </ejb-ref>
            <ejb-ref id="EjbRef_4">
               <ejb-ref-name>ejb/Account</ejb-ref-name>
               <ejb-ref-type>Entity</ejb-ref-type>
               <home>itso.was4ad.ejb.account.AccountHome</home>
               <remote>itso.was4ad.ejb.account.Account</remote>
               <ejb-link>Account</ejb-link>
            </ejb-ref>
         </session>
         <entity id="Account">
            <ejb-name>Account</ejb-name>
            <home>itso.was4ad.ejb.account.AccountHome</home>
            <remote>itso.was4ad.ejb.account.Account</remote>
            <ejb-class>itso.was4ad.ejb.account.AccountBean</ejb-class>
            <persistence-type>Container</persistence-type>
            <prim-key-class>itso.was4ad.ejb.account.AccountKey</prim-key-class>
            <reentrant>False</reentrant>
            <cmp-field id="Account_number">
               <field-name>number</field-name>
            </cmp-field>
            <cmp-field id="Account_balance">
               <field-name>balance</field-name>
            </cmp-field>
            <cmp-field id="Account_checking">
               <field-name>checking</field-name>
            </cmp-field>
            <cmp-field id="Account_customerID">
               <field-name>customerID</field-name>
            </cmp-field>
         </entity>
         <session id="AccountManager">
            <ejb-name>AccountManager</ejb-name>
            <home>itso.was4ad.ejb.account.AccountManagerHome</home>
            <remote>itso.was4ad.ejb.account.AccountManager</remote>
            <ejb-class>itso.was4ad.ejb.account.AccountManagerBean</ejb-class>
            <session-type>Stateless</session-type>
            <transaction-type>Container</transaction-type>
            <ejb-ref id="EjbRef_3">
               <ejb-ref-name>ejb/Account</ejb-ref-name>
               <ejb-ref-type>Entity</ejb-ref-type>
               <home>itso.was4ad.ejb.account.AccountHome</home>
               <remote>itso.was4ad.ejb.account.Account</remote>
               <ejb-link>Account</ejb-link>
            </ejb-ref>
         </session>
      </enterprise-beans>
      <assembly-descriptor id="AssemblyDescriptor_ID">
         <security-role id="SecurityRole_1">
            <description>Deny all access role</description>
            <role-name>DenyAllRole</role-name>
         </security-role>
         <container-transaction id="MethodTransaction_1">
            <description>Customer:+:</description>
            <method id="MethodElement_1">
               <ejb-name>Customer</ejb-name>
               <method-name>*</method-name>
            </method>
            <trans-attribute>Required</trans-attribute>
         </container-transaction>
         <container-transaction id="MethodTransaction_2">
            <description>CustomerManager:+:</description>
            <method id="MethodElement_2">
               <ejb-name>CustomerManager</ejb-name>
               <method-name>*</method-name>
            </method>
            <trans-attribute>Required</trans-attribute>
         </container-transaction>
         <container-transaction id="MethodTransaction_3">
            <description>Account:+:</description>
            <method id="MethodElement_3">
               <ejb-name>Account</ejb-name>
               <method-name>*</method-name>
            </method>
            <trans-attribute>Required</trans-attribute>
         </container-transaction>
         <container-transaction id="MethodTransaction_4">
            <description>AccountManager:+:</description>
            <method id="MethodElement_4">
               <ejb-name>AccountManager</ejb-name>
               <method-name>*</method-name>
            </method>
            <trans-attribute>Required</trans-attribute>
         </container-transaction>
      </assembly-descriptor>
   </ejb-jar>
