<?xml version="1.0" encoding="UTF-8"?>
<SQLResult xmlns="http://www.ibm.com/MMPARTS_MMINVENTORY"
    xmlns:xsi="http://www.w3.org/2001/XMLSchema-instance" xsi:schemaLocation="http://www.ibm.com/MMPARTS_MMINVENTORY
	PartListing.xsd">
    <MMPARTS_MMINVENTORY PARTNUMBER="L1">
        <NAME>License</NAME>
        <QUANTITY>1</QUANTITY>
        <COST>30.00</COST>
    </MMPARTS_MMINVENTORY>
    <MMPARTS_MMINVENTORY PARTNUMBER="M100000002">
        <NAME>CR-MIRROR-R-01</NAME>
        <QUANTITY>7</QUANTITY>
        <COST>22.22</COST>
    </MMPARTS_MMINVENTORY>
    <MMPARTS_MMINVENTORY PARTNUMBER="M100000003">
        <NAME>CR-MIRROR-R-01</NAME>
        <QUANTITY>10</QUANTITY>
        <COST>59.99</COST>
    </MMPARTS_MMINVENTORY>
    <MMPARTS_MMINVENTORY PARTNUMBER="T0">
        <NAME>Team</NAME>
        <QUANTITY>1</QUANTITY>
        <COST>99.00</COST>
    </MMPARTS_MMINVENTORY>
    <MMPARTS_MMINVENTORY PARTNUMBER="T1">
        <NAME>Olaf</NAME>
        <QUANTITY>1</QUANTITY>
        <COST>11.00</COST>
    </MMPARTS_MMINVENTORY>
    <MMPARTS_MMINVENTORY PARTNUMBER="T2">
        <NAME>Wouter</NAME>
        <QUANTITY>1</QUANTITY>
        <COST>22.00</COST>
    </MMPARTS_MMINVENTORY>
    <MMPARTS_MMINVENTORY PARTNUMBER="T3">
        <NAME>Denise</NAME>
        <QUANTITY>1</QUANTITY>
        <COST>33.00</COST>
    </MMPARTS_MMINVENTORY>
    <MMPARTS_MMINVENTORY PARTNUMBER="T4">
        <NAME>Mark</NAME>
        <QUANTITY>1</QUANTITY>
        <COST>44.00</COST>
    </MMPARTS_MMINVENTORY>
    <MMPARTS_MMINVENTORY PARTNUMBER="T5">
        <NAME>Ueli</NAME>
        <QUANTITY>1</QUANTITY>
        <COST>55.00</COST>
    </MMPARTS_MMINVENTORY>
    <MMPARTS_MMINVENTORY PARTNUMBER="W111111111">
        <NAME>WIPER-BLADE</NAME>
        <QUANTITY>2</QUANTITY>
        <COST>12.34</COST>
    </MMPARTS_MMINVENTORY>
    <MMPARTS_MMINVENTORY PARTNUMBER="X333333333">
        <NAME>TIMING-BELT</NAME>
        <QUANTITY>7</QUANTITY>
        <COST>12.34</COST>
    </MMPARTS_MMINVENTORY>
</SQLResult>
