<?xml version="1.0"?>

<dseoper.xml>

<itso.was4ad.wsbcc.LoginOperation id="loginOperation" operationContext="genericDynamicContext" serviceId="00001" replyPage="welcome.jsp">
	<refFormat name="hostRequestFormat" refId="customerInfoRequestFormat" />
	<refFormat name="hostResponseFormat" refId="customerInfoResponseFormat" />
</itso.was4ad.wsbcc.LoginOperation>

<itso.was4ad.wsbcc.DisplayAccountsOperation id="displayAccountsOperation" operationContext="genericDynamicContext" replyPage="displayAccountsResult.jsp">
</itso.was4ad.wsbcc.DisplayAccountsOperation>

<itso.was4ad.wsbcc.GenericHostOperation id="accountsInfoOperation" operationContext="genericDynamicContext" serviceId="00002" replyPage="displayAccountsResult.jsp">
	<refFormat name="hostRequestFormat" refId="accountsInfoRequestFormat" />
	<refFormat name="hostResponseFormat" refId="accountsInfoResponseFormat" />
</itso.was4ad.wsbcc.GenericHostOperation>

<itso.was4ad.wsbcc.GenericHostOperation id="transfer1Operation" operationContext="genericDynamicContext" serviceId="00002" replyPage="transfer1.jsp">
	<refFormat name="hostRequestFormat" refId="accountsInfoRequestFormat" />
	<refFormat name="hostResponseFormat" refId="accountsInfoResponseFormat" />
</itso.was4ad.wsbcc.GenericHostOperation>

<itso.was4ad.wsbcc.GenericHostOperation id="transfer2Operation" operationContext="genericDynamicContext" serviceId="" replyPage="transfer2.jsp">
	<refFormat name="hostRequestFormat" refId="accountsInfoRequestFormat" />
	<refFormat name="hostResponseFormat" refId="accountsInfoResponseFormat" />
</itso.was4ad.wsbcc.GenericHostOperation>

<itso.was4ad.wsbcc.GenericHostOperation id="transferOperation" operationContext="genericDynamicContext" serviceId="00003" replyPage="transferResult.jsp">
	<refFormat name="hostRequestFormat" refId="transferRequestFormat" />
	<refFormat name="hostResponseFormat" refId="transferResponseFormat" />
</itso.was4ad.wsbcc.GenericHostOperation>

<itso.was4ad.wsbcc.LogoutOperation id="logoutOperation" operationContext="genericDynamicContext" replyPage="logout.jsp">
</itso.was4ad.wsbcc.LogoutOperation>

<!--***************************************************************-->
<!--                     HTML Client Support                       -->
<!--***************************************************************-->
<com.be.bbl.eb.appl.BblStartHtmlSession id="startupHtmlServerOp" operationContext="globalContext"/>

</dseoper.xml>
