<?xml version="1.0" encoding="UTF-8"?>
<!DOCTYPE application-client PUBLIC "-//Sun Microsystems, Inc.//DTD J2EE Application Client 1.2//EN"  "http://java.sun.com/j2ee/dtds/application-client_1_2.dtd">
   <application-client id="Application-client_ID">
      <display-name>PiggyBank Standalone Client</display-name>
      <ejb-ref id="EjbRef_1">
         <ejb-ref-name>ejb/CustomerManager</ejb-ref-name>
         <ejb-ref-type>Session</ejb-ref-type>
         <home>itso.was4ad.ejb.customer.CustomerManagerHome</home>
         <remote>itso.was4ad.ejb.customer.CustomerManager</remote>
         <ejb-link>CustomerManager</ejb-link>
      </ejb-ref>
      <ejb-ref id="EjbRef_2">
         <ejb-ref-name>ejb/AccountManager</ejb-ref-name>
         <ejb-ref-type>Session</ejb-ref-type>
         <home>itso.was4ad.ejb.account.AccountManagerHome</home>
         <remote>itso.was4ad.ejb.account.AccountManager</remote>
         <ejb-link>AccountManager</ejb-link>
      </ejb-ref>
   </application-client>
