<?xml version="1.0" encoding="UTF-8"?>
<!DOCTYPE ejb-jar PUBLIC "-//Sun Microsystems, Inc.//DTD Enterprise JavaBeans 2.0//EN" "http://java.sun.com/dtd/ejb-jar_2_0.dtd">
<ejb-jar id="ejb-jar_ID">
	<display-name>ItsoBank5BmpEJB</display-name>
	<enterprise-beans>
		<entity id="CustomerInfoBmp">
			<ejb-name>CustomerInfoBmp</ejb-name>
			<home>itso.bank5.bmp.CustomerInfoBmpHome</home>
			<remote>itso.bank5.bmp.CustomerInfoBmp</remote>
			<ejb-class>itso.bank5.bmp.CustomerInfoBmpBean</ejb-class>
			<persistence-type>Bean</persistence-type>
			<prim-key-class>itso.bank5.bmp.CustomerInfoKey</prim-key-class>
			<reentrant>False</reentrant>
			<env-entry>
				<env-entry-name>bmp/dbdatasource</env-entry-name>
				<env-entry-type>java.lang.String</env-entry-type>
				<env-entry-value>java:comp/env/jdbc/MYejbbank</env-entry-value>
			</env-entry>
			<resource-ref id="ResourceRef_1036601059259">
				<description>Data source for EJBBANK database</description>
				<res-ref-name>jdbc/MYejbbank</res-ref-name>
				<res-type>javax.sql.DataSource</res-type>
				<res-auth>Container</res-auth>
				<res-sharing-scope>Shareable</res-sharing-scope>
			</resource-ref>
		</entity>
		<entity id="CustomerInfoCmp">
			<ejb-name>CustomerInfoCmp</ejb-name>
			<home>itso.bank5.bmp.CustomerInfoCmpHome</home>
			<remote>itso.bank5.bmp.CustomerInfoCmp</remote>
			<ejb-class>itso.bank5.bmp.CustomerInfoCmpBean</ejb-class>
			<persistence-type>Container</persistence-type>
			<prim-key-class>itso.bank5.bmp.CustomerInfoKey</prim-key-class>
			<reentrant>False</reentrant>
			<cmp-version>2.x</cmp-version>
			<abstract-schema-name>CustomerInfoCmp</abstract-schema-name>
			<cmp-field id="CMPAttribute_1036537306271">
				<field-name>customerID</field-name>
			</cmp-field>
			<cmp-field id="CMPAttribute_1036537306281">
				<field-name>infoID</field-name>
			</cmp-field>
			<cmp-field id="CMPAttribute_1036537306291">
				<field-name>description</field-name>
			</cmp-field>
			<cmp-field id="CMPAttribute_1036537306292">
				<field-name>data</field-name>
			</cmp-field>
		</entity>
	</enterprise-beans>
</ejb-jar>
