<?xml version="1.0" encoding="UTF-8"?>
<!DOCTYPE ejb-jar PUBLIC "-//Sun Microsystems, Inc.//DTD Enterprise JavaBeans 2.0//EN" "http://java.sun.com/dtd/ejb-jar_2_0.dtd">
<ejb-jar id="ejb-jar_ID">
	<display-name>ItsoBank5MdbEJB</display-name>
	<enterprise-beans>
		<message-driven id="MessageDriven_1038863293603">
			<ejb-name>Transfer</ejb-name>
			<ejb-class>itso.bank5.mdb.TransferBean</ejb-class>
			<transaction-type>Bean</transaction-type>
			<acknowledge-mode>Auto-acknowledge</acknowledge-mode>
			<message-driven-destination>
				<destination-type>javax.jms.Queue</destination-type>
			</message-driven-destination>
			<ejb-ref id="EjbRef_1038873792107">
				<description></description>
				<ejb-ref-name>ejb/Banking</ejb-ref-name>
				<ejb-ref-type>Session</ejb-ref-type>
				<home>itso.bank5.session.BankingHome</home>
				<remote>itso.bank5.session.Banking</remote>
				<ejb-link>ItsoBank5SessionEJB.jar#Banking</ejb-link>
			</ejb-ref>
			<resource-ref id="ResourceRef_1038940636960">
				<description></description>
				<res-ref-name>jms/ItsoMdbConnectionFactoryRef</res-ref-name>
				<res-type>javax.jms.QueueConnectionFactory</res-type>
				<res-auth>Container</res-auth>
				<res-sharing-scope>Shareable</res-sharing-scope>
			</resource-ref>
			<resource-env-ref id="ResourceEnvRef_1039056769199">
				<description></description>
				<resource-env-ref-name>jms/ItsoResponseQueueRef</resource-env-ref-name>
				<resource-env-ref-type>javax.jms.Queue</resource-env-ref-type>
			</resource-env-ref>
		</message-driven>
	</enterprise-beans>
</ejb-jar>
