<?xml version="1.0" encoding="UTF-8"?>
<!DOCTYPE ejb-jar PUBLIC "-//Sun Microsystems, Inc.//DTD Enterprise JavaBeans 2.0//EN" "http://java.sun.com/dtd/ejb-jar_2_0.dtd">
<ejb-jar id="ejb-jar_ID">
	<display-name>ItsoBank5CmpEJB</display-name>
	<enterprise-beans>
		<entity id="Account">
			<ejb-name>Account</ejb-name>
			<local-home>itso.bank5.cmp.AccountLocalHome</local-home>
			<local>itso.bank5.cmp.AccountLocal</local>
			<ejb-class>itso.bank5.cmp.AccountBean</ejb-class>
			<persistence-type>Container</persistence-type>
			<prim-key-class>java.lang.String</prim-key-class>
			<reentrant>False</reentrant>
			<cmp-version>2.x</cmp-version>
			<abstract-schema-name>Account</abstract-schema-name>
			<cmp-field id="CMPAttribute_1035310323213">
				<field-name>accountID</field-name>
			</cmp-field>
			<cmp-field id="CMPAttribute_1035309444670">
				<field-name>balance</field-name>
			</cmp-field>
			<cmp-field id="CMPAttribute_1035309444680">
				<field-name>interest</field-name>
			</cmp-field>
			<cmp-field id="CMPAttribute_1035310223259">
				<field-name>accountType</field-name>
			</cmp-field>
			<primkey-field>accountID</primkey-field>
			<ejb-local-ref id="EJBLocalRef_1035426516547">
				<ejb-ref-name>ejb/TransRecord</ejb-ref-name>
				<ejb-ref-type>Entity</ejb-ref-type>
				<local-home>itso.bank5.cmp.TransRecordLocalHome</local-home>
				<local>itso.bank5.cmp.TransRecordLocal</local>
				<ejb-link>TransRecord</ejb-link>
			</ejb-local-ref>
			<ejb-local-ref id="EJBLocalRef_1035430370269">
				<ejb-ref-name>ejb/Customer</ejb-ref-name>
				<ejb-ref-type>Entity</ejb-ref-type>
				<local-home>itso.bank5.cmp.CustomerLocalHome</local-home>
				<local>itso.bank5.cmp.CustomerLocal</local>
				<ejb-link>Customer</ejb-link>
			</ejb-local-ref>
			<query>
				<description>Retrieve gold accounts with a large balance.</description>
				<query-method>
					<method-name>findGoldAccounts</method-name>
					<method-params>
						<method-param>java.math.BigDecimal</method-param>
					</method-params>
				</query-method>
				<ejb-ql>select object(o) from Account o where o.balance &gt; ?1</ejb-ql>
			</query>
			<query>
				<description>Retrieve all accounts.</description>
				<query-method>
					<method-name>findAllAccounts</method-name>
					<method-params></method-params>
				</query-method>
				<ejb-ql>select object(o) from Account o</ejb-ql>
			</query>
			<query>
				<description>Retrieve transfer accounts of same customer.</description>
				<query-method>
					<method-name>findTransferAccounts</method-name>
					<method-params>
						<method-param>int</method-param>
						<method-param>java.lang.String</method-param>
					</method-params>
				</query-method>
				<ejb-ql>select object(b) from Account a, in(a.customers) c, in(c.accounts) b where c.customerID = ?1 and a.accountID = ?2 and a.accountID &lt;&gt; b.accountID</ejb-ql>
			</query>
			<query>
				<description>Retrieve largest account of a customer</description>
				<query-method>
					<method-name>findLargestAccount</method-name>
					<method-params>
						<method-param>int</method-param>
					</method-params>
				</query-method>
				<ejb-ql>select object(a) from Account a, in(a.customers) c where c.customerID = ?1 and a.balance = ( select max(a1.balance) from in (c.accounts) a1  )</ejb-ql>
			</query>
		</entity>
		<entity id="Customer">
			<ejb-name>Customer</ejb-name>
			<home>itso.bank5.cmp.CustomerHome</home>
			<remote>itso.bank5.cmp.Customer</remote>
			<local-home>itso.bank5.cmp.CustomerLocalHome</local-home>
			<local>itso.bank5.cmp.CustomerLocal</local>
			<ejb-class>itso.bank5.cmp.CustomerBean</ejb-class>
			<persistence-type>Container</persistence-type>
			<prim-key-class>itso.bank5.cmp.CustomerKey</prim-key-class>
			<reentrant>False</reentrant>
			<cmp-version>2.x</cmp-version>
			<abstract-schema-name>Customer</abstract-schema-name>
			<cmp-field id="CMPAttribute_1035395102019">
				<field-name>customerID</field-name>
			</cmp-field>
			<cmp-field id="CMPAttribute_1035395104652">
				<field-name>firstName</field-name>
			</cmp-field>
			<cmp-field id="CMPAttribute_1035395106735">
				<field-name>lastName</field-name>
			</cmp-field>
			<cmp-field id="CMPAttribute_1035395108558">
				<field-name>title</field-name>
			</cmp-field>
			<cmp-field id="CMPAttribute_1035395110481">
				<field-name>userID</field-name>
			</cmp-field>
			<cmp-field id="CMPAttribute_1035395112333">
				<field-name>password</field-name>
			</cmp-field>
			<cmp-field id="CMPAttribute_1035395114947">
				<field-name>address</field-name>
			</cmp-field>
			<ejb-local-ref id="EJBLocalRef_1035430370279">
				<ejb-ref-name>ejb/Account</ejb-ref-name>
				<ejb-ref-type>Entity</ejb-ref-type>
				<local-home>itso.bank5.cmp.AccountLocalHome</local-home>
				<local>itso.bank5.cmp.AccountLocal</local>
				<ejb-link>Account</ejb-link>
			</ejb-local-ref>
			<query>
				<description>Retrieve gold customers (large balance).</description>
				<query-method>
					<method-name>findGoldCustomers</method-name>
					<method-params>
						<method-param>java.math.BigDecimal</method-param>
					</method-params>
				</query-method>
				<ejb-ql>select distinct object(c) from Customer c, in(c.accounts) a where a is of type (Savings) and a.balance &gt; ?1</ejb-ql>
			</query>
			<query>
				<description>Customers with high interest accounts and a deposit.</description>
				<query-method>
					<method-name>findHighInterest</method-name>
					<method-params>
						<method-param>int</method-param>
					</method-params>
				</query-method>
				<ejb-ql>select distinct object(c) from Customer c, in(c.accounts) a, in(a.transrecords) t where a.interest &gt; ?1 and t.transType = 'C'</ejb-ql>
			</query>
			<query>
				<description>Retrieve the account numbers of a customer.</description>
				<query-method>
					<method-name>ejbSelectNumberOfAccounts</method-name>
					<method-params>
						<method-param>java.lang.String</method-param>
					</method-params>
				</query-method>
				<result-type-mapping>Local</result-type-mapping>
				<ejb-ql>select a.accountID from Customer o, in(o.accounts) a where o.lastName = ?1</ejb-ql>
			</query>
			<query>
				<description>Retrieve a list of all customers names.</description>
				<query-method>
					<method-name>ejbSelectAllCustomerNames</method-name>
					<method-params></method-params>
				</query-method>
				<ejb-ql>select o.lastName from Customer o</ejb-ql>
			</query>
		</entity>
		<entity id="TransRecord">
			<ejb-name>TransRecord</ejb-name>
			<local-home>itso.bank5.cmp.TransRecordLocalHome</local-home>
			<local>itso.bank5.cmp.TransRecordLocal</local>
			<ejb-class>itso.bank5.cmp.TransRecordBean</ejb-class>
			<persistence-type>Container</persistence-type>
			<prim-key-class>java.sql.Timestamp</prim-key-class>
			<reentrant>False</reentrant>
			<cmp-version>2.x</cmp-version>
			<abstract-schema-name>TransRecord</abstract-schema-name>
			<cmp-field id="CMPAttribute_1035395134606">
				<field-name>transID</field-name>
			</cmp-field>
			<cmp-field id="CMPAttribute_1035395137159">
				<field-name>transType</field-name>
			</cmp-field>
			<cmp-field id="CMPAttribute_1035395141716">
				<field-name>transAmount</field-name>
			</cmp-field>
			<primkey-field>transID</primkey-field>
			<ejb-local-ref id="EJBLocalRef_1035426516557">
				<ejb-ref-name>ejb/Account</ejb-ref-name>
				<ejb-ref-type>Entity</ejb-ref-type>
				<local-home>itso.bank5.cmp.AccountLocalHome</local-home>
				<local>itso.bank5.cmp.AccountLocal</local>
				<ejb-link>Account</ejb-link>
			</ejb-local-ref>
		</entity>
		<entity id="Checking">
			<ejb-name>Checking</ejb-name>
			<local-home>itso.bank5.cmp.CheckingLocalHome</local-home>
			<local>itso.bank5.cmp.CheckingLocal</local>
			<ejb-class>itso.bank5.cmp.CheckingBean</ejb-class>
			<persistence-type>Container</persistence-type>
			<prim-key-class>java.lang.String</prim-key-class>
			<reentrant>False</reentrant>
			<cmp-version>2.x</cmp-version>
			<abstract-schema-name>Checking</abstract-schema-name>
			<cmp-field>
				<field-name>accountID</field-name>
			</cmp-field>
			<cmp-field>
				<field-name>balance</field-name>
			</cmp-field>
			<cmp-field>
				<field-name>interest</field-name>
			</cmp-field>
			<cmp-field>
				<field-name>accountType</field-name>
			</cmp-field>
			<cmp-field id="CMPAttribute_1035484734940">
				<field-name>overdraft</field-name>
			</cmp-field>
			<primkey-field>accountID</primkey-field>
			<ejb-local-ref id="EJBLocalRef_1035485965310">
				<ejb-ref-name>ejb/TransRecord</ejb-ref-name>
				<ejb-ref-type>Entity</ejb-ref-type>
				<local-home>itso.bank5.cmp.TransRecordLocalHome</local-home>
				<local>itso.bank5.cmp.TransRecordLocal</local>
				<ejb-link>TransRecord</ejb-link>
			</ejb-local-ref>
			<ejb-local-ref id="EJBLocalRef_1035485965311">
				<ejb-ref-name>ejb/Customer</ejb-ref-name>
				<ejb-ref-type>Entity</ejb-ref-type>
				<local-home>itso.bank5.cmp.CustomerLocalHome</local-home>
				<local>itso.bank5.cmp.CustomerLocal</local>
				<ejb-link>Customer</ejb-link>
			</ejb-local-ref>
		</entity>
		<entity id="Savings">
			<ejb-name>Savings</ejb-name>
			<local-home>itso.bank5.cmp.SavingsLocalHome</local-home>
			<local>itso.bank5.cmp.SavingsLocal</local>
			<ejb-class>itso.bank5.cmp.SavingsBean</ejb-class>
			<persistence-type>Container</persistence-type>
			<prim-key-class>java.lang.String</prim-key-class>
			<reentrant>False</reentrant>
			<cmp-version>2.x</cmp-version>
			<abstract-schema-name>Savings</abstract-schema-name>
			<cmp-field>
				<field-name>accountID</field-name>
			</cmp-field>
			<cmp-field>
				<field-name>balance</field-name>
			</cmp-field>
			<cmp-field>
				<field-name>interest</field-name>
			</cmp-field>
			<cmp-field>
				<field-name>accountType</field-name>
			</cmp-field>
			<cmp-field id="CMPAttribute_1035484787125">
				<field-name>minAmount</field-name>
			</cmp-field>
			<primkey-field>accountID</primkey-field>
			<ejb-local-ref id="EJBLocalRef_1035485965320">
				<ejb-ref-name>ejb/TransRecord</ejb-ref-name>
				<ejb-ref-type>Entity</ejb-ref-type>
				<local-home>itso.bank5.cmp.TransRecordLocalHome</local-home>
				<local>itso.bank5.cmp.TransRecordLocal</local>
				<ejb-link>TransRecord</ejb-link>
			</ejb-local-ref>
			<ejb-local-ref id="EJBLocalRef_1035485965321">
				<ejb-ref-name>ejb/Customer</ejb-ref-name>
				<ejb-ref-type>Entity</ejb-ref-type>
				<local-home>itso.bank5.cmp.CustomerLocalHome</local-home>
				<local>itso.bank5.cmp.CustomerLocal</local>
				<ejb-link>Customer</ejb-link>
			</ejb-local-ref>
		</entity>
	</enterprise-beans>
	<relationships>
		<ejb-relation>
			<description></description>
			<ejb-relation-name>Account-TransRecord</ejb-relation-name>
			<ejb-relationship-role id="EJBRelationshipRole_1035433825888">
				<ejb-relationship-role-name>theAccount</ejb-relationship-role-name>
				<multiplicity>Many</multiplicity>
				<cascade-delete />
				<relationship-role-source>
					<ejb-name>TransRecord</ejb-name>
				</relationship-role-source>
				<cmr-field>
					<cmr-field-name>theAccount</cmr-field-name>
				</cmr-field>
			</ejb-relationship-role>
			<ejb-relationship-role id="EJBRelationshipRole_1035434300500">
				<ejb-relationship-role-name>transrecords</ejb-relationship-role-name>
				<multiplicity>One</multiplicity>
				<relationship-role-source>
					<ejb-name>Account</ejb-name>
				</relationship-role-source>
				<cmr-field>
					<cmr-field-name>transrecords</cmr-field-name>
					<cmr-field-type>java.util.Collection</cmr-field-type>
				</cmr-field>
			</ejb-relationship-role>
		</ejb-relation>
		<ejb-relation>
			<description></description>
			<ejb-relation-name>Customer-Account</ejb-relation-name>
			<ejb-relationship-role id="EJBRelationshipRole_1035434099771">
				<ejb-relationship-role-name>accounts</ejb-relationship-role-name>
				<multiplicity>Many</multiplicity>
				<relationship-role-source>
					<ejb-name>Customer</ejb-name>
				</relationship-role-source>
				<cmr-field>
					<cmr-field-name>accounts</cmr-field-name>
					<cmr-field-type>java.util.Collection</cmr-field-type>
				</cmr-field>
			</ejb-relationship-role>
			<ejb-relationship-role id="EJBRelationshipRole_1035434124277">
				<ejb-relationship-role-name>customers</ejb-relationship-role-name>
				<multiplicity>Many</multiplicity>
				<relationship-role-source>
					<ejb-name>Account</ejb-name>
				</relationship-role-source>
				<cmr-field>
					<cmr-field-name>customers</cmr-field-name>
					<cmr-field-type>java.util.Collection</cmr-field-type>
				</cmr-field>
			</ejb-relationship-role>
		</ejb-relation>
	</relationships>
</ejb-jar>
