<?xml version="1.0"?>
<dsectxt.xml>

<context id="globalContext" type="Global" parent="nil">
	<refKColl refId="globalData"/>
        <refService refId="realCSServer" alias="CSServer" type="cs"/>
        <refService refId="hostSystem" alias="HostSystem" type="host"/>
</context>

<context id="sessionContext" type="Session" parent="globalContext">
	<refKColl refId="customerData"/>
</context>

<context id="genericDynamicContext" type="Op" parent="sessionContext">
	<refKColl refId="genericDynamicData"/>
</context>

</dsectxt.xml>