<?xml version="1.0"?>

<dsefmts.XML>

<fmtDef id="customerInfoRequestFormat">
	<record>
		<fString dataName="serviceId"/><fixedLength length="5" justify="right" padChar="0"/>
		<fString dataName="customerId"/><fixedLength length="8" justify="right" padChar=" "/>
	</record>
</fmtDef>

<fmtDef id="customerInfoResponseFormat">
	<dRecord dataName="customerData">
		<fString dataName="customerId"/><delim delimChar="\" />
		<fString dataName="customerName"/><delim delimChar="\" />
	</dRecord>
</fmtDef>

<fmtDef id="accountsInfoRequestFormat">
	<record>
		<fString dataName="serviceId"/><fixedLength length="5" justify="right" padChar="0"/>
		<fString dataName="customerId"/><fixedLength length="8" justify="right" padChar=" "/>
	</record>
</fmtDef>

<fmtDef id="accountsInfoResponseFormat">
<dRecord>
	<iCollF dataName="accountsInfoIColl" times="*">
		<dRecord dataName="accountsInfoData">
			<fString dataName="number"/><delim delimChar="\" />
			<fString dataName="checkingFlag"/><delim delimChar="\" />
			<fString dataName="balance"/><delim delimChar="\" />
		</dRecord>
	</iCollF>
</dRecord>
</fmtDef>

<fmtDef id="transferRequestFormat">
	<record>
		<fString dataName="serviceId"/><fixedLength length="5" justify="right" padChar="0"/>
		<fString dataName="customerId"/><fixedLength length="8" justify="right" padChar=" "/>
		<fString dataName="debitAccountNumber"/><fixedLength length="8" justify="right" padChar=" "/>
		<fString dataName="creditAccountNumber"/><fixedLength length="8" justify="right" padChar=" "/>
		<fString dataName="amount"/><fixedLength length="13" justify="right" padChar=" "/>
	</record>
</fmtDef>

<fmtDef id="transferResponseFormat">
	<record>
	</record>
</fmtDef>

</dsefmts.XML>